031,6041231234,4501231234,jb-test-ctx,Gandalf <1234>,IAX2/0282119604-13,SIP/8315-b791bcc0,Dial,dial data,20170725-114011,20170725-114016,20170725-114511,300,295,ANSWERED,3,MediationCustomer
032,6041231234,4501231234,jb-test-ctx,Gandalf <1234>,IAX2/0282119604-13,SIP/8315-b791bcc0,Dial,dial data,20170725-114011,20170725-114016,20170725-114511,400,295,ANSWERED,3,MediationCustomer
033,6041231234,4501231234,jb-test-ctx,Gandalf <1234>,IAX2/0282119604-13,SIP/8315-b791bcc0,Dial,dial data,20170725-114011,20170725-114016,20170725-114511,500,295,ANSWERED,3,MediationCustomer
034,6041231234,4501231234,jb-test-ctx,Gandalf <1234>,IAX2/0282119604-13,SIP/8315-b791bcc0,Dial,dial data,20170725-114011,20170725-114016,20170725-114511,300,295,ANSWERED,3,MediationCustomer
035,6041231234,5121231234,jb-test-ctx,Test user <1234>,IAX2/0282119604-13,SIP/8315-b791bcc0,Dial,dial data,20170725-114011,20170725-114016,20170725-114511,200,295,ANSWERED,3,testUserName-1189624498100
036,6041231234,4501231234,jb-test-ctx,Test user <1234>,IAX2/0282119604-13,SIP/8315-b791bcc0,Dial,dial data,20170725-114011,20170725-114016,20170725-114511,500,295,ANSWERED,3,testUserName-1189624498100
037,6041231234,4501231234,jb-test-ctx,Gandalf <1234>,IAX2/0282119604-13,SIP/8315-b791bcc0,Dial,dial data,20170725-114011,20170725-114016,20170725-114511,100,295,ANSWERED,3,MediationCustomer
038,6041231234,4501231234,jb-test-ctx,Gandalf <1234>,IAX2/0282119604-13,SIP/8315-b791bcc0,Dial,dial data,20170725-114016,20170725-114016,20170725-114016,0,0,BUSY,3,gandalf
039,6041231234,4501231234,jb-test-ctx,Gandalf <1234>,IAX2/0282119604-13,SIP/8315-b791bcc0,Dial,dial data,20170725-114011,20170725-114016,20170725-114511,-100,-295,ANSWERED,3,MediationCustomer
130,6041231234,5121231234,jb-test-ctx,Test user <1234>,IAX2/0282119604-13,SIP/8315-b791bcc0,Dial,dial data,20170725-114011,20170725-114016,20170725-114511,200,295,ANSWERED,3,notExistingUserName
031,6041231234,5121231234,jb-test-ctx,Gandalf <1234>,IAX2/0282119604-13,SIP/8315-b791bcc0,Dial,dial data,20170725-114011,20170725-114016,20170725-114511,300,295,ANSWERED,3,MediationCustomer
















